Type,IOC
Email,loguntsov@gmail.com
Email,johnyboy77@q3mcco35auwcstmt.onion
Email,smtbrowser@thesecure.biz
Email,21yelow21@jabb.im
Email,leo@q3mcco35auwcstmt.onion
Email,jamonsmaslom@xmpp.jp
Email,azot@q3mcco35auwcstmt.onion
Email,nroot@162.244.81.252
Email,vladimir.tyrenko@mail.ru
Email,WS#ED4rfv@5.141.22.50
Email,benalen@exploit.im
Email,tdemeza@gmail.com
Email,Berkley_Randal@netc.it
Email,eldorado@count0.ws
Email,mango@q3mcco35auwcstmt.onion
Email,info@loudounmutual.comWeb
Email,netwalker@q3mcco35auwcstmt.onion
Email,rand@q3mcco35auwcstmt.onion
Email,revers@q3mcco35auwcstmt.onion
Email,cherry@q3mcco35auwcstmt.onion
Email,avamar@gnu.gr
Email,stern@q3mcco35auwcstmt.onion
Email,andrej.sergeev_2020@mail.ru
Email,volhvb@exploit.in
Email,sticks@q3mcco35auwcstmt.onion
Email,njumbo@q3mcco35auwcstmt.onion
Email,nanswer@q3mcco35auwcstmt.onion
Email,armata@exploit.im
Email,hash@q3mcco35auwcstmt.onion
Email,viper@q3mcco35auwcstmt.onio
Email,love@q3mcco35auwcstmt.onion
Email,hors@q3mcco35auwcstmt.onion
Email,ddivelbiss@divelbiss.com
Email,driver@q3mcco35auwcstmt.onion
Email,nik-da@q3mcco35auwcstmt.onion
Email,vruel@blah.im
Email,jydmeszp@sharklasers.com
Email,support@korovka.name
Email,support@mpro.la
Email,nrobootbander@jabb.im
Email,n4815162342@jabb.im
Email,nsheppard@jabber.ru
Email,nsectorzero@jabb.im
Email,ncheesecake@q3mcco35auwcstmt.onion
Email,arturh76@jabber.ru
Email,nmeatball@q3mcco35auwcstmt.onion
Email,neversay@mail.ru
Email,nitserviceemilabkarov@gmail.com
Email,nuggets@q3mcco35auwcstmt.onion
Email,nbaraka@q3mcco35auwcstmt.onion
Email,njax@q3mcco35auwcstmt.onion
Email,k.startsev@xmpp.jp
Email,nkintaro@q3mcco35auwcstmt.onion
Email,biomechanic3000@xmpp.jp
Email,nsubzero@q3mcco35auwcstmt.onion
Email,nprizrak@q3mcco35auwcstmt.onion
Email,nnikola131189@gmail.com
Email,nalec.kirsanov@mail.ru
Email,elvira@q3mcco35auwcstmt.onion
Email,nelon@q3mcco35auwcstmt.onion
Email,nrevers@q3mcco35auwcstmt.onion
Email,zulas@q3mcco35auwcstmt.onion
Email,warrenmega@protonmail.com
Email,ahurtado@grundfos.com
Email,joe@flowdataindustries.com
Email,njointofffdsd@protonmail.com
Email,basils1991@gmail.com
Email,snowwinter@exploit.im
Email,tiffany.huff@levelconsult.us
Email,nrandman@thesecure.biz
Email,nсvasilymm@memail.com
Email,kran@q3mcco35auwcstmt.onion
Email,zevs@q3mcco35auwcstmt.onion
Email,gold@q3mcco35auwcstmt.onion
Email,interview_admin@jabb.im
Email,sm0k3_1337@xmpp.jp
Email,uniftorambo@exploit.im
Email,rdpcorp_@thesecure.biz
Email,support@cletricks.com
Email,jee-nospam@jabbim.pl
Email,grand@q3mcco35auwcstmt.onion
Email,grant@q3mcco35auwcstmt.onion
Email,akonitborec@thesecure.biz
Email,operathionshieldfr@protonmail.com
Email,professor@q3mcco35auwcstmt.onion
Email,DOC_ID@exploit.im
Email,al.pro.80@jabb.im
Email,i72jc910jecuwj72771@creep.im
Email,emigrant@xmpp.jp
Email,blackmatter_interviews@exploit.im
Email,namso@thesecure.biz
Email,kara1@xmpp.jp
Email,ford@q3mcco35auwcstmt.onion
Email,many@q3mcco35auwcstmt.onion
Email,t﻿mart1nx@jabbim.cz
Email,maestros11@jabber.ru
Email,emilyspizza@pimux.de
Email,support@j.vip72.org
Email,support1@j.vip72.org
Email,Kopytinv1997@bk.ru
Email,xvioletta2013@gmail.com
Email,defender@q3mcco35auwcstmt.onion
Email,ttrr@conference.q3mcco35auwcstmt.onion
Email,alexmiller126@outlook.com
Email,alexm112266@outlook.com
Email,reshaev@q3mcco35auwcstmt.onion
Email,202002739584@alunos.estacio.br
Email,aravancargo1@proloads.com
Email,michal.olbrychtowicz@student.uj.edu.pl
Email,buza@q3mcco35auwcstmt.onion
Email,jameswatson@xmpp.jp
Email,pin@q3mcco35auwcstmt.onion
Email,conti.cont@yandex.ru
Email,gpbit@thesecure.biz
Email,cps123@exploit.im
Email,grave@jabber.hot-chilli.eu
Email,tort@q3mcco35auwcstmt.onion
Email,iqbal@javabomb.com
Email,nolaf@scholja.de
Email,nnacho.travesib@gmail.com
Email,dpigeon@exploit.im
Email,best@q3mcco35auwcstmt.onion
Email,udotop12@thesecure.biz
Email,navos@thesecure.biz
Email,navos@strong.pm
Email,njoynses@thesecure.biz
Email,olaf@scholja.de
Email,benalien@xmpp.jp
Email,bentley@q3mcco35auwcstmt.onion
Email,mont@q3mcco35auwcstmt.onion
Email,njefferson@14740-27223.bacloud.info
Email,ChrisHanley@solution4u.com
Email,tramp@q3mcco35auwcstmt.onion
Email,ntramp@q3mcco35auwcstmt.onion
Email,jean69@thesecure.biz
Email,LAVI@91.193.181.22
Email,//root@195.149.87.59
Email,tiniles@q3mcco35auwcstmt.onion
Email,root@91.193.181.22
Email,miroslavpopov1980@outlook.com
Email,fillemand@protonmail.com
Email,dino@q3mcco35auwcstmt.onion
Email,DSI@91.193.181.22
Email,EUNIVER@91.193.181.22
Email,LYON@91.193.181.22
Email,t90@bashtel.ru
Email,paranoik@q3mcco35auwcstmt.onion
Email,cybergangster@q3mcco35auwcstmt.onion
Email,boydjen-it@outlook.com
Email,acne_121@protonmail.com
Email,n@q3mcco35auwcstmt.onion
Email,grolly26@protonmail.com
Email,whereismym0ney@xmpp.jp
Email,ggmgomes89@outlook.com
Email,aaramburu@celgene.com
Email,nalicia.chua@santen.com
Email,ndiane.macier@abbott.com
Email,nadmissions@cobleskill.edu
Email,nantonis.myrsaliotis@ppdi.com
Email,nanthony.church@wwctrials.com
Email,nakihiro.ohashi@takeda.com
Email,nalim@unither.com
Email,nadmissions@hws.edu
Email,nalison.hart@premier-research.com
Email,nanna.minkkinen@quintile.com
Email,namy.garson@sanofi.com
Email,nallen.salerno@regeneron.com
Email,nadmissions@ucu.ac.ug
Email,nadmissions@ul.ie
Email,nalumni@nuigalway.ie
Email,nbrian.lubelczyk@alkermes.com
Email,nchristian_herget@europe.bd.com
Email,nadmissions@astate.edu
Email,namanda.convento@pfizer.com
Email,nadmissions@seminolestate.edu
Email,ncandice.cantellimeklis@alkermes.com
Email,namit.gupta@glenmarkpharma.com
Email,nacecargo@acecargo.cl
Email,nadmissions@wearesquared.com
Email,nchantal@edmvandyck.be
Email,morozova.olga84@outlook.com
Email,pumba@q3mcco35auwcstmt.onion
Email,billgeizh@thesecure.biz
Email,cert@q3mcco35auwcstmt.onion
Email,anemois@protonmail.com
Email,lighting-recover-99@protonmail.com
Email,dylon@q3mcco35auwcstmt.onion
Email,ultradelovoy@exploit.im
Email,globus-homer@jabber.ru
Email,batono@xmpp.jp
Email,celiden@ro.ru
Email,trentor@tuta.io
Email,flourish@nibblefish.net
Email,vlatislava@ro.ru
Email,ebekka@ro.ru
Email,ewok555@protonmail.com
Email,sunasos@ro.ru
Email,samoma@ro.ru
Email,scrag@nibblefish.net
Email,totalto@ro.ru
Email,mokko@inbox.lv
Email,bukazoid76@inbox.lv
Email,kuegel@tutanota.de
Email,qviper00@xmpp.is
Email,rapapam@xmpp.chat
Email,spoofie@xmpp.jp
Email,valerius2k@jabber.ru
Email,coolman@1jabber.com
Email,fire@verified.pm
IP,54.183.140.39
IP,5.139.220.204/97
IP,5.139.220.204
IP,138.124.180.94
IP,45.14.226.47
IP,193.203.203.101
IP,75.151.48.49
IP,24.53.75.60
IP,96.70.44.17
IP,71.105.126.26
IP,64.40.247.118
IP,96.93.217.253
IP,173.163.176.177
IP,12.191.116.202
IP,184.146.91.74
IP,73.128.248.22
IP,73.31.89.221
IP,162.244.81.252
IP,172.83.155.195
IP,5.141.22.50
IP,188.93.130.254
IP,195.123.214.177
IP,173.232.146.104
IP,75.147.147.133
IP,73.180.36.152
IP,208.125.46.162
IP,186.72.79.132
IP,128.199.196.59
IP,38.88.223.172
IP,174.238.4.80
IP,67.243.142.225
IP,72.214.4.83
IP,154.61.71.53
IP,68.61.238.2
IP,72.179.15.202
IP,45.87.212.180
IP,154.61.71.54
IP,37.120.222.100
IP,193.39.185.14
IP,109.230.199.73
IP,218.214.92.107
IP,185.232.23.77
IP,51.132.66.157
IP,87.166.57.137
IP,87.166.57.142
IP,79.112.76.251
IP,92.211.109.159
IP,118.127.59.83
IP,92.211.110.162
IP,37.235.53.46
IP,31.210.111.142
IP,65.119.186.242
IP,173.220.69.202
IP,194.99.106.98
IP,172.111.149.148
IP,3.11.85.34
IP,173.167.160.17
IP,196.155.13.118
IP,103.101.104.229
IP,103.102.73.165
IP,103.124.145.98
IP,162.76.2.1
IP,162.76.0.0/16
IP,161.76.0.0/16
IP,109.230.199.73/20
IP,170.130.55.77
IP,185.193.37.222
IP,188.130.139.54
IP,194.146.25.109
IP,98.185.40.23
IP,37.0.8.166
IP,217.12.218.109
IP,217.12.203.191
IP,157.230.60.143
IP,5.181.156.166
IP,94.140.115.123
IP,103.124.104.56
IP,194.135.33.150
IP,5.181.80.121
IP,185.99.133.115
IP,89.41.182.52
IP,193.8.172.239
IP,194.15.113.92
IP,5.196.197.27
IP,162.55.32.162
IP,31.13.195.184
IP,192.168.86.23
IP,255.255.255.0
IP,192.168.86.1
IP,193.228.193.57
IP,31.14.40.236
IP,103.56.207.249
IP,200.58.180.138
IP,203.76.105.227
IP,179.43.147.243
IP,127.0.0.1
IP,10.251.33.252
IP,117.252.69.134
IP,117.252.68.15
IP,116.206.153.212
IP,103.78.13.150
IP,103.47.170.131
IP,103.47.170.130
IP,118.91.190.42
IP,117.197.41.36
IP,117.222.63.77
IP,117.252.69.210
IP,103.137.80.22
IP,103.250.70.198
IP,119.148.101.102
IP,45.126.75.91
IP,203.76.149.210
IP,203.76.101.16
IP,103.142.80.254
IP,103.123.170.120
IP,172.93.205.138
IP,82.118.21.40
IP,170.130.55.90
IP,63.147.234.198
IP,45.230.176.157
IP,31.14.40.220
IP,195.123.222.97
IP,24.185.61.99
IP,75.142.80.233
IP,162.210.168.43
IP,75.163.169.121
IP,206.251.37.27
IP,72.191.66.50
IP,172.243.178.252
IP,107.204.18.57
IP,174.96.143.3
IP,71.249.104.3
IP,184.169.98.10
IP,198.45.136.28
IP,173.19.92.26
IP,192.154.176.134
IP,209.142.127.61
IP,198.45.181.114
IP,195.149.87.59/1
IP,195.149.87.59/2
IP,217.12.210.41
IP,195.123.212.17
IP,203.80.170.81
IP,185.163.45.17
IP,74.119.217.58
IP,199.233.235.194/51
IP,170.130.55.44
IP,128.201.76.252
IP,66.29.138.17
IP,208.110.64.130
IP,61.177.172.13
IP,192.187.107.16
IP,91.189.92.20
IP,91.189.92.38
IP,91.189.92.39
IP,91.189.92.19
IP,91.189.92.40
IP,91.189.92.41
IP,193.57.40.49
IP,185.191.34.120
IP,193.27.228.65
IP,71.168.131.157
IP,71.6.199.23
IP,161.35.126.145
IP,46.8.157.223
IP,87.121.52.215
IP,31.13.195.26
IP,31.13.195.144
IP,91.92.109.19
IP,0.4.3.6
IP,185.25.48.4
IP,185.244.41.9
IP,185.246.152.121
IP,97.77.191.226
IP,46.8.23.171
IP,109.248.15.37
IP,45.32.131.223
IP,45.32.132.182
IP,140.82.50.50
IP,192.153.57.105
IP,162.33.177.212
IP,45.77.189.106
IP,45.61.136.221
IP,162.33.178.105
IP,74.125.196.113
IP,77.83.197.40
IP,193.42.37.21
IP,198.46.198.128
IP,103.124.106.124
IP,82.202.192.66
IP,188.241.120.42
IP,212.41.24.66
IP,91.193.180.23
IP,185.9.18.154
IP,91.193.181.22
IP,195.149.87.59
IP,141.94.162.156
IP,198.244.193.210
IP,86.105.9.13
IP,86.105.9.12
IP,141.98.103.109
IP,1.7.0.0
IP,86.217.170.116
IP,185.177.124.86
IP,185.189.151.142
IP,185.64.104.216
IP,195.123.240.41
IP,194.76.226.22
IP,104.168.52.160
IP,185.219.221.171
IP,88.119.175.225
IP,134.255.235.107
IP,195.123.218.101
IP,5.34.178.185
IP,104.168.48.105
IP,45.11.183.211
IP,104.161.32.44
IP,185.25.51.99
IP,8.6.193.80
IP,194.76.227.29
IP,88.119.175.208
IP,45.11.183.198
IP,144.202.43.124
IP,194.135.33.137
IP,198.46.198.9
IP,5.2.78.121
IP,198.244.193.207
IP,195.149.87.233
IP,185.158.249.249
IP,146.70.44.147
IP,94.140.114.107
IP,198.46.198.105
IP,31.214.157.242
IP,149.28.103.187
IP,94.140.114.237
IP,38.92.176.125
IP,195.123.219.82
IP,185.158.249.119
IP,176.10.119.72
IP,88.119.170.242
IP,23.146.242.134
IP,51.38.95.29
IP,46.28.70.239
IP,170.130.55.84
IP,185.244.150.26
IP,46.19.136.221
IP,142.4.211.167
IP,31.14.40.173
IP,195.123.221.248
IP,37.187.24.215
IP,5.34.181.18
IP,194.76.225.152
IP,213.252.245.181
IP,2.56.10.41
IP,185.64.106.247
IP,217.12.201.132
IP,185.25.48.83
IP,5.183.95.6
IP,45.86.74.108
IP,5.181.80.125
IP,185.99.132.248
IP,5.39.63.107
IP,158.69.133.72
IP,23.254.228.234
IP,194.36.191.19
IP,194.40.243.33
IP,23.160.193.217
IP,176.103.62.176
IP,94.140.113.71
IP,146.19.253.90
IP,38.92.191.89
IP,5.2.78.37
IP,198.244.194.4
IP,80.92.206.199
IP,45.14.226.23
IP,185.38.185.13
IP,45.41.204.137
IP,94.140.113.17
IP,139.28.235.177
IP,5.181.80.143
IP,185.99.132.67
IP,5.39.63.108
IP,192.99.255.38
IP,142.11.253.72
IP,185.106.123.88
IP,45.41.204.139
IP,83.242.96.193
IP,188.127.226.236
IP,206.188.196.239
IP,168.100.8.69
IP,168.100.11.213
IP,195.123.222.91
IP,45.61.136.202
IP,162.33.179.125
IP,185.64.104.5
IP,217.12.204.65
IP,185.64.104.141
IP,185.14.28.109
IP,5.181.156.15
IP,162.33.178.178
IP,45.61.138.153
IP,185.64.104.36
IP,195.123.228.5
IP,195.123.228.6
IP,194.135.33.191
URL,https://qaz.im/load/Tb6rNh/dYkYy2
URL,https://qaz.im/load/hzkQTQ/BTa6Ze
URL,https://qaz.im/load/3EZGA7/4SEstA
URL,https://privnote.com/w0HVHqO2#1SL9FvSuV
URL,https://hura.me/no-ref.php?url=http%3A%2F%2Fwwwapps.ups.com%2FWebTracking%2Ftrack%3FHTMLVersion%3D5.0%26loc%3Den_EN%26trackNums%3D1Z9918AW3591558812%26track.y%3D10
URL,https://privnote.com/dnCaKxKB#YJnawB2pB
URL,https://privnote.com/8VJI0cIB#iceMvPeFP
URL,https://privnote.com/8DeGlFFL#ZLK09Lj1a
URL,https://privnote.com/0omqxZnl#UggnmuTg9
URL,https://privnote.com/pKVZxI7G#1nlXpesqC
URL,https://qaz.im/load/rh8Tze/kK74HA
URL,https://privnote.com/wkg8lSoB#elMDVbBCe
URL,https://privnote.com/SXFFTtWr#hCPeJakp9
URL,https://privnote.com/hlCQNo3g#XUvjAWnx2
URL,https://privnote.com/NaexkW17#VTY75x2Ih
URL,https://dyncheck.com/scan/id/fbcb147447b24f5c583f710fafc5b214#collapse_info
URL,https://dyncheck.com/scan/id/84b7fe1b0f95031d2e5eaedf9fa2dbe2#collapse_info
URL,https://prnt.sc/wh26qd\https://prnt.sc/wh26rb\https://prnt.sc/wh26pt
URL,https://qaz.im/load/fHGzTA/z2E7S5
URL,https://privnote.com/QutbggwO#g7CpMFHts
URL,https://privnote.com/xoZIMnt7#AoHK8Hl0a
URL,https://hura.me/no-ref.php?url=http%3A%2F%2Fwwwapps.ups.com%2FWebTracking%2Ftrack%3FHTMLVersion%3D5.0%26loc%3Den_EN%26trackNums%3D1Z9918AW2491911861%26track.y%3D10
URL,https://privnote.com/RjwjqpJL#MVbMcSTxU
URL,https://www.diary.ru/~casus-white/p192326476.htm
URL,https://lionet.livejournal.com/58243.html
URL,https://qaz.im/load/YkEYee/eNtrYk
URL,https://qaz.im/load/nndeF3/yNiK9k
URL,https://privnote.com/XwSF3VwW#1obrWxfTr
URL,https://vimeo.com/513049294
URL,https://qaz.im/load/ESY23i/TK9zbB
URL,https://privnote.com/ihMv047k#tATJpVTDj
URL,https://privnote.com/VqF0GBWq#saOAgXMWu
URL,https://privnote.com/uHwkiNCb#FHAB5xoE0
URL,https://privnote.com/Qrgtw6xH#eBnuXcn71
URL,https://privnote.com/7k2sK7fx#wnkLWnEKl
URL,https://privnote.com/3bAhMq3J#28pjZaYz8
URL,https://qaz.im/load/h9Sky2/78992f
URL,https://qaz.im/load/YFGzyF/sAZZD6
URL,https://qaz.im/index.php?a=delete&q=1788776207
URL,https://privnote.com/XDz6cjAn#q8eiCNTLh
URL,https://drive.google.com/uc?export=download&confirm=no_antivirus&id=1Tq9eiqD79q7Cd6Igxf8MuWTe-7ZNTYmI
URL,https://bit-ly.ru/f9d4h
URL,https://bit-ly.ru/hDWwJ
URL,https://privnote.com/2GmggqHb#WINDN0sHl
URL,https://qaz.im/load/QYn2Y2/2t28ef
URL,https://qaz.im/load/Gy53HN/k5r2Nb
URL,https://qaz.im/index.php?a=delete&q=1945296066
URL,https://privnote.com/cGEAmglH#Kvq1moTRK
URL,https://bashupload.com/9zXYv/6.vhdx
URL,https://qaz.im/load/HFsTyy/bDhia9
URL,https://privnote.com/IA0lDp7e#u018BxRjH
URL,https://privnote.com/Gc7C380E#Y2iVQhLxo
URL,https://qaz.im/load/kBr8bK/8BiZFK
URL,https://qaz.im/load/aTsSbh/r54tHz
URL,https://qaz.im/load/iT53GY/hHn6as
URL,https://qaz.im/index.php?a=delete&q=1070233779
URL,https://privnote.com/NctVlFy4#glZm6q08O
URL,https://1ty.me/boqnS
URL,https://qaz.im/zaq/sNHrz8sY#tEZ544ys
URL,https://privnote.com/mbeFKYEt#AZMzvMD0g
URL,https://qaz.im/zaq/yt25YTTQ#yeH6Qae3
URL,https://qaz.im/load/GH22y6/BAYsTY
URL,https://privatty.com/en/n/KcApr72Xv#ZZkz1BE7yFVM
URL,https://qaz.im/load/fTZhan/fGdDfE
URL,https://qaz.im/index.php?a=delete&q=425150895
URL,https://www.jimmecir.com/basebl/jimman.php
URL,https://qaz.im/load/bKZ6Fy/akDDrZ
URL,https://www.youtube.com/watch?v=7KUlR-TTPsU
URL,https://privnote.com/aDJgG9ZE#GjemwUGAy
URL,https://qaz.im/load/rH6KQd/yHSK8s
URL,https://qaz.im/index.php?a=delete&q=853729422
URL,https://qaz.im/load/fHFr7D/Hbse82
URL,https://qaz.im/index.php?a=delete&q=1547357124
URL,https://help4windows.com/windows_7_shell32_dll.shtml
URL,https://privnote.com/m3Co3k5F#e1CIHkyhm
URL,http://www.gnupt.de
URL,https://privnote.com/LGBv68wj#XAypSG6mc
URL,https://prnt.sc/10ni7xz
URL,https://qaz.im/load/hAQ9aA/SyTeQ5
URL,https://qaz.im/index.php?a=delete&q=536820566
URL,https://qaz.im/load/9GSdfE/seFS67
URL,https://qaz.im/index.php?a=delete&q=277373299
URL,https://qaz.im/load/N8GHfA/G8eGRH
URL,https://qaz.im/index.php?a=delete&q=1224990473
URL,https://qaz.im/load/DiHdT8/SG5BHB
URL,https://qaz.im/index.php?a=delete&q=1115117535
URL,https://qaz.im/load/fRRNHe/Sri3Gn
URL,https://qaz.im/index.php?a=delete&q=1411051775
URL,https://dyncheck.com/scan/id/ad84b08b14d86e8c44473c1bb9c5178d
URL,https://privnote.com/H9aCmn27#AWhCUwhH8
URL,https://qaz.im/load/zGD8Y4/K7tA8f
URL,https://qaz.im/index.php?a=delete&q=966427475
URL,https://qaz.im/load/e6z76k/bB75bZ
URL,https://qaz.im/index.php?a=delete&q=2044017498
URL,https://dyncheck.com/scan/id/3f4b08af3fdb2856e66387fb31ca07b3
URL,https://qaz.im/load/nE78n7/hG3Ehd
URL,https://qaz.im/index.php?a=delete&q=977306735
URL,https://privnote.com/cquvfgcg#3rS9fZ4Ag
URL,https://qaz.im/load/EbBDth/DaKf8Q
URL,https://qaz.im/index.php?a=delete&q=723168418
URL,https://privnote.com/Q59UODTK#6GQY82aN4
URL,https://dyncheck.com/scan/id/cad102c21de5a13942b7a693bf55919e
URL,https://43oxsnqlub6aydymkwpn3agaaj7u2qexx4vwybgrwug46c6yldhuheid.onion/crpanel/
URL,https://qaz.im/zaq/T7YQ3GaA#9TQGK9yK
URL,https://195.123.214.177/phpvirtualbox/
URL,https://qaz.im/zaq/HNZeaBrb#ah7eea69
URL,https://173.232.146.104
URL,https://privnote.com/oY0Eb4Bq#aEKOIQTVm
URL,https://privnote.com/N1jiumsG#5x0DVpxP1
URL,https://o1wthlgu69lh5n8j.xyz/index.php\https://o2gc2dco8nq9p6t.xyz/index.php\https://o3r9bhxu38hf4m.xyz/index.php
URL,https://qaz.im/load/YshfBB/9BzF4e
URL,https://qaz.im/index.php?a=delete&q=1366717855
URL,https://qaz.im/load/sBQRBS/tFG5EK
URL,https://premieraffinityservices.com/moredm/5.vhdx
URL,https://privnote.com/LriC3Bnm#VFOSyIPCq
URL,https://qaz.im/load/EQEFQT/dsGttK
URL,https://qaz.im/index.php?a=delete&q=481387798
URL,https://privnote.com/PhzanrCR#GGAxCCkeu
URL,https://privnote.com/rTBjhCGM#pB9iuQVTE
URL,https://www.shellterproject.com
URL,https://www.carbonblack.com/
URL,https://www.carbonblack.com/products/endpoint-detection-and-response/
URL,https://www.shellterproject.com/go-pro/
URL,https://www.carbonblack.com/products/app-control/
URL,https://help-docs.citrix.com/en-us/secure-mail/report-phishing.html
URL,https://qaz.im/load/rysdi2/9zadnN
URL,https://privnote.com/t6AzgzK4#Aa2FgQmJ5
URL,https://qaz.im/load/r9ZerS/FKYn4Z
URL,https://qaz.im/index.php?a=delete&q=1203049531
URL,https://file.io/4Tox7KUZzbzW
URL,https://qaz.im/load/K5RfkB/rbD69a
URL,https://qaz.im/index.php?a=delete&q=289066041
URL,https://www.sendspace.com/file/zay0q0
URL,https://www.sendspace.com/delete/zay0q0/448e8fddd8e623cb4ea68904ec1ce233
URL,https://oividaluxuosa.com/ke/miami.dll
URL,https://file.io/0FRsvyxDS51A
URL,https://qaz.im/load/ef6s7D/shRDzn
URL,https://qaz.im/index.php?a=delete&q=1019493937
URL,https://privnote.com/S7osIAJq#BeOBLzvcE
URL,https://privnote.com/DEKNsQir#9eKdMTJyS
URL,https://qaz.im/load/SYhSZd/eAtsst
URL,https://www.youtube.com/watch?v=uAkeXCYcl4Y
URL,https://privnote.com/gmm61ejt#JLSN6aBbc
URL,https://privnote.com/HwUsncJi#7cEcdCuTj
URL,https://privnote.com/OWVmuN2s#B1OR1dIpq
URL,https://privnote.com/Wp7cbxyk#m1Fgf6BVv
URL,https://privnote.com/9CaeVNsM#gwJsIeq9c
URL,https://dyncheck.com/scan/id/f86983e6e755782ff64092850108de12
URL,https://qaz.im/load/fA9H3r/QRESNr
URL,https://qaz.im/index.php?a=delete&q=1446105628
URL,https://privnote.com/MdID3kV9#xN30aEG7H
URL,https://privnote.com/mfkr50Vo#ead34oaVD
URL,https://privnote.com/E0l2xWlS#PoVWDgSAm
URL,https://qaz.im/load/7FD2fG/8Z28Gd
URL,https://privnote.com/U5YJxJgB#UCu9Teqaq
URL,https://qaz.im/zaq/seYAh4S9#DNK7GDZf
URL,https://vpn.leeds.ac.uk/dana-na/auth/url_default/welcome.cgi
URL,https://vlab.business.mcmaster.ca/RDWeb/PAges/en-US/login.aspx
URL,https://vpn-ac.urz.uni-heidelberg.de/+CSCOE+/logon.html
URL,https://qaz.im/zaq/Gd9fNySE#QDif97r9
URL,https://privnote.com/PNBk0rOX#4Js0kILD2
URL,https://qaz.im/zaq/nNG8Edd4#8dZk44HH
URL,https://qaz.im/zaq/iY2fr3y3#bThrGkzn
URL,https://qaz.im/zaq/yN2ftRYN#bYSAYZr6
URL,https://privnote.com/CQgv0x2a#VnOUm3PKT
URL,https://www.pacermonitor.com/public/case/38259331/USA_v_Witte
URL,https://qaz.im/zaq/eFKnRBt5#fQ4yniD3
URL,https://privnote.com/wTX3RYFy#1CZyGDhqR
URL,https://prnt.sc/11cdg8c
URL,https://mega.nz/file/BSpGkR7Y#9jijFI4VFKDtyfN0GMQ3YMuV6tCLvwpwvi8DzUeGs9E
URL,https://docs.vmware.com/en/VMware-Carbon-Black-Cloud/services/cbc-sensor-installation-guide/GUID-76272E42-E534-47AD-8654-B2F3B5682806.html
URL,https://docs.vmware.com/en/VMware-Carbon-Black-Cloud/index.html
URL,https://vmwarelearningzone.vmware.com/oltpublish/site/program.do?dispatch=showCourseSession&id=1da8e813-c2c4-11ea-9f48-0cc47adeb5f8
URL,https://privnote.com/gpKJMYpE#6xdBQ3QpA
URL,https://privnote.com/RuJQzlbb#FfJKWxkaz
URL,https://privnote.com/l8Arx5y5#LvhePpQju
URL,https://prnt.sc/11h4w3v
URL,https://prnt.sc/11h4zwh
URL,https://prnt.sc/11h58ex
URL,https://prnt.sc/11h59lg
URL,https://prnt.sc/11h5bqx
URL,https://privnote.com/vBzVHkNL#RKFosBRkU
URL,https://www.sendspace.com/filegroup/1ZaWkFxPaUJ5CflmqSuXTlNOPqzyncUb
URL,https://privatlab.com/s/v/nRl7zbAAjltBeLbRqrax
URL,https://qaz.im/zaq/BN55hni6#F4R6sNkG
URL,https://qaz.im/zaq/62aGKsQe#73iTAQSb
URL,https://privatlab.com/s/v/DBQybpDWRQt5dOngXBAz
URL,https://privatlab.com/s/d/DBQybpDWRQt5dOngXBAz/4NdoZ#delete
URL,https://ibb.co/hdkV29d
URL,https://privnote.com/0hnUdQqs#uK6Hfcow1
URL,https://privnote.com/D4dSt6Wh#Oub2yn2dO
URL,https://privatlab.com/s/v/DBQJ2A3G2Ws5dOngXJaM
URL,https://privatlab.com/s/v/M97ZoyBgOLimwlMALyx6
URL,ttps://privnote.com/c20A9Vq8#jZWSBJpJ1
URL,https://privnote.com/c20A9Vq8#jZWSBJpJ1
URL,https://emploimed.com/netr.dll
URL,https://www.ottenbourg.com/chester.dll
URL,https://qaz.im/load/H432D9/bBna5d
URL,https://qaz.im/index.php?a=delete&q=88631139
URL,https://qaz.im/load/5kBAsb/8fQ8Az
URL,https://qaz.im/index.php?a=delete&q=1215480185
URL,https://privatlab.com/s/v/lGL4Vloa94Uz4rGkJ3Qy
URL,https://privnote.com/At2VVGSO#39geDU7Jm
URL,http://www.cpven.com/
URL,https://qaz.im/load/nTHkT9/DdrheS
URL,https://qaz.im/index.php?a=delete&q=111661878
URL,https://privnote.com/NmpBkwuQ#zw3ofvjNC
URL,https://privnote.com/QNZnQY3z#zgVCVGddN
URL,https://qaz.im/load/tR37RF/8DQ5eb
URL,https://qaz.im/index.php?a=delete&q=1926224143
URL,https://privnote.com/rAU059SI#ix1V8JBHz
URL,https://qaz.im/load/ZEzidA/ZSQriF
URL,https://qaz.im/index.php?a=delete&q=721279833
URL,https://qaz.im/load/HiEfzY/4B2F8f
URL,https://qaz.im/index.php?a=delete&q=12365457
URL,https://privnote.com/9r8e7Rnx#17UeaAj68
URL,https://qaz.im/load/sYe45H/NzANK9
URL,https://qaz.im/index.php?a=delete&q=990625372
URL,https://qaz.im/load/dYiZNa/Yb3FyR
URL,https://qaz.im/index.php?a=delete&q=906821117
URL,https://qaz.im/load/43HBQ2/ysa46b
URL,https://qaz.im/index.php?a=delete&q=1965148773
URL,https://128.199.196.59:13305/adm
URL,https://privnote.com/AIw8dWgK#812uRtpJy
URL,https://qaz.im/load/ttsDhY/bStQiE
URL,https://qaz.im/index.php?a=delete&q=594088065
URL,https://privnote.com/RJObx66t#MW0E3zCI8
URL,https://privnote.com/mFkaGyqm#2jGyvCaWi
URL,https://qaz.im/load/n6B6KD/3iQ2n8
URL,https://qaz.im/index.php?a=delete&q=1686375644
URL,https://dropmefiles.com.ua/ru/T3cMsNhH5X
URL,https://qaz.im/load/zB83hF/Q2zd7Q
URL,https://coinmarketcap.com/view/defi/
URL,https://anonfiles.com/Hai0P8t1uc/Dolfs_rar
URL,https://dnog7cgicmkrvugrfxexo34gikjbr54sd5skxj4r42aj4tuy2hjsw6qd.onion
URL,https://1ty.me/DkRNCL
URL,https://privnote.com/Mp9Aw5jD#ICOIg5O9K
URL,https://privnote.com/6S96nrob#v8AMDzc5j
URL,https://qaz.im/load/fnHB9k/B74aDn
URL,https://qaz.im/index.php?a=delete&q=814375800
URL,https://qaz.im/load/dKn8kZ/TdsEhH
URL,https://qaz.im/index.php?a=delete&q=1381740926
URL,https://qaz.im/load/DbHFK6/nHtkBB
URL,https://qaz.im/index.php?a=delete&q=1657408961
URL,https://atlantisprojects.ca/cheryasd.dll
URL,https://qaz.im/load/db5faS/ZNtf7t
URL,https://qaz.im/index.php?a=delete&q=1686159757
URL,https://parkisolutions.com/nerugin.dll
URL,https://qaz.im/load/B6zbzH/bHS9RD
URL,https://qaz.im/index.php?a=delete&q=1171011028
URL,https://privnote.com/99CyubHW#ZP9PEBUAW
URL,https://privnote.com/0xYGOLcm#bertnOGNf
URL,https://privatlab.com/s/v/5M5klk7MVOsndZ6AWMRy
URL,https://forum.exploit.in/login/
URL,https://privnote.com/l4wQTOEF#cJxjIzT6Y
URL,https://qaz.im/load/y9fQHa/e5F2t8
URL,https://qaz.im/index.php?a=delete&q=52884817
URL,https://privnote.com/NiJIaBhq#PZ1uvJEVi
URL,https://qaz.im/load/ytzEZe/ZhiSN6
URL,https://qaz.im/index.php?a=delete&q=239881245
URL,https://qaz.im/load/3KnBYr/YH6bHi
URL,https://qaz.im/index.php?a=delete&q=997786446
URL,https://qaz.im/load/STFhsK/SN8dha
URL,https://qaz.im/index.php?a=delete&q=1037509244
URL,https://qaz.im/load/tHZ8d5/7z8kY9
URL,https://qaz.im/index.php?a=delete&q=1662928809
URL,https://qaz.im/load/T3zQ3H/8tTNdt
URL,https://qaz.im/index.php?a=delete&q=202353530
URL,https://privnote.com/stJgPQB6#5sE2ipnfk
URL,https://privnote.com/kGnTbCHH#We82kxmfV
URL,https://qaz.im/load/sb5n9T/tF9RDd
URL,https://qaz.im/index.php?a=delete&q=945582404
URL,https://privnote.com/HjaFyeeo#79pn4vs4u
URL,https://qaz.im/load/aKE2KN/3KDD33
URL,https://qaz.im/index.php?a=delete&q=576322611
URL,https://privnote.com/Qtj35pfz#9EflzSL21
URL,https://qaz.im/load/996yS9/b8TeTd
URL,https://qaz.im/index.php?a=delete&q=44232297
URL,https://qaz.im/load/57dB3z/6ATR73
URL,https://qaz.im/index.php?a=delete&q=634558826
URL,https://privnote.com/bC5PIHgY#dGGpCSg4i
URL,https://privnote.com/p1c46iKv#k8LveNN7g
URL,https://privatlab.com/s/v/R2AlxVOr4eSb4nD28ZJ3
URL,https://qaz.im/load/sGNZZz/Sh2HnH
URL,https://qaz.im/index.php?a=delete&q=1420522617
URL,https://qaz.im/load/edBZkE/BrYG9a
URL,https://qaz.im/index.php?a=delete&q=227698087
URL,https://qaz.im/load/FF4ETQ/B6Br5S
URL,https://qaz.im/index.php?a=delete&q=1698993279
URL,https://qaz.im/load/nZh6K2/4nenD6
URL,https://qaz.im/index.php?a=delete&q=1369014921
URL,https://qaz.im/load/sDK6Yd/2QrQ8s
URL,https://qaz.im/index.php?a=delete&q=759090281
URL,https://privnote.com/ibZgQCkT#cvKfuUB9i
URL,https://qaz.im/load/ddED4Q/E3rhQS
URL,https://qaz.im/index.php?a=delete&q=132900450
URL,https://qaz.im/load/G76EKe/SFBAdZ
URL,https://qaz.im/index.php?a=delete&q=966698674
URL,https://send.exploit.in/download/917da366e5ff1435/#ympD63h1HNOWSP_Sh3rPDg
URL,https://privnote.com/swYPXzRC#aPHHhRQzF
URL,https://qaz.im/load/49QiGQ/7bdNe6
URL,https://qaz.im/index.php?a=delete&q=100837669
URL,https://forum.exploit.in/topic/187900/
URL,https://privnote.com/HkPXOB6d#IgXBHdsNY
URL,https://qaz.im/load/E29Etk/f37ab8
URL,https://qaz.im/index.php?a=delete&q=1359541035
URL,http://epyclq65gskclmpu.onion:1337
URL,http://109.230.199.73/k.exe
URL,http://109.230.199.73/k.dll
URL,https://privnote.com/NiYItqpm#13YVgqW75
URL,https://qaz.im/load/86r9nr/Y453E6
URL,https://qaz.im/index.php?a=delete&q=47502363
URL,https://qaz.im/load/5Shkah/nEteeR
URL,https://qaz.im/index.php?a=delete&q=1080184932
URL,https://qaz.im/load/HrtE5y/bZfH8K
URL,https://qaz.im/index.php?a=delete&q=981658134
URL,https://otr.cypherpunks.ca/
URL,https://www.monarchnm.com/
URL,https://file.io/Um24exTztx8t
URL,https://qaz.im/load/6zQd9F/Qf4yns
URL,https://qaz.im/index.php?a=delete&q=673089446
URL,https://qaz.im/load/TZFyRZ/8Y5ieh
URL,https://qaz.im/index.php?a=delete&q=332470942
URL,https://westbridgfordianscc.co.uk/js/getfile.php?action=getlog
URL,https://text.4necall84qm2jdiiv.me/k2s
URL,http://joxi.ru/eAOOLnQC6knzbA
URL,https://qaz.im/load/iYeRe8/52tBae
URL,https://qaz.im/index.php?a=delete&q=570982321
URL,https://cerc.co.uk/environmental-software/getfile.php?action=getlog
URL,https://privnote.com/fKmbtjUJ#1eAUZBEcq
URL,https://privatlab.com/s/v/nRBMJ3k2YJTm6qn4eNJR
URL,https://privnote.com/oHRxjrwq#ROmInImMb
URL,https://privatlab.com/s/v/9m5D6Z2wNRieZyp20goq
URL,https://privatlab.com/s/v/aq2VyYlwLMhDA2Vg4W4p
URL,https://privatlab.com/s/v/BA9kLokwjMfZN2gWVyVL
URL,https://ibb.co/jVpZngt
URL,https://qaz.im/load/7GkTEn/kdk23y
URL,https://qaz.im/index.php?a=delete&q=1577956610
URL,https://qaz.im/zaq/SGahBGnN#Ft7nByB3
URL,https://privatlab.com/s/v/YOrV8M33bahOdrlQNBGb
URL,https://privatlab.com/s/v/m2dp6bmx2RSoyd6njEEA
URL,https://privatlab.com/s/v/3Q5E5Qm4pzc5zD7Gw0W4
URL,https://qaz.im/zaq/b6S2G6b9#SEKFtyRS
URL,https://privnote.com/2w2r8dB9#qjYIn52eM
URL,https://qaz.im/load/83bhNB/etFHD6
URL,https://qaz.im/index.php?a=delete&q=511878670
URL,https://privnote.com/pGdpwJW7#lE8ZD4SIT
URL,https://www.sendspace.com/file/cnyw7a\https://www.sendspace.com/delete/cnyw7a/adf81721950b65c421a83585af5ee314
URL,https://www.blockchain.com/btc/tx/3a5349b3252d1da6211fa790b0a4d2085e8e6c8ae1823b319f55e8e9893426e8
URL,https://privnote.com/954v5pgN#md3XavxuP
URL,https://privnote.com/HY8IwP2A#qiqnTAiav
URL,https://privatlab.com/s/v/xAjL5j6mJ2fXxMpyz6wJ
URL,https://privnote.com/WiABc6Zf#YNNuPSpNv
URL,https://privnote.com/mcpiRLRW#m72PzMFZs
URL,https://privnote.com/stNOR5p6#hbuEQmhpq
URL,https://www.sendspace.com/file/ed18xx
URL,https://www.sendspace.com/delete/ed18xx/6e384e222d4024ecb1b83fe8da5dbe75
URL,https://privnote.com/MgtDQ4Bo#rpg5bauPC
URL,https://qaz.im/load/SFAsZf/YyKDda
URL,https://qaz.im/index.php?a=delete&q=396527771
URL,https://privatlab.com/s/v/jjojgwD5rpunWJE58mqb
URL,https://qaz.im/load/6nESHd/eHF97t
URL,https://qaz.im/index.php?a=delete&q=1017772637
URL,https://qaz.im/load/KyZ2Zn/Z3dkZh
URL,https://qaz.im/index.php?a=delete&q=1623605181
URL,https://qaz.im/zaq/2ANyG55S#9sfz3nEF\https://1ty.me/kEET1
URL,http://ozpve456vdzplanabllomqi6lfx67nlrrthquvcsrfxv7z3jreurmfqd.onion
URL,https://privnote.com/MjcaKmYa#Uzsmjz3O2
URL,https://privnote.com/tTq1ne3B#EQqoK3X9M
URL,http://korovka32xc3t5cg.onion
URL,http://crdclub4wraumez4.onion/
URL,https://privnote.com/Jyy9MdoI#L5F1eE9df
URL,https://privatlab.com/s/v/EJMaGR94GzFo4jd6RX2A
URL,https://1ty.me/uKkBt
URL,https://www.zoominfo.com/c/ticketmaster-entertainment-inc/38273060
URL,https://www.zoominfo.com/c/xerox-corporation/194101651
URL,https://continews.icu/
URL,https://privnote.com/2I6wB4xj#tdX3JiRlD
URL,https://1ty.me/UNo3JiR
URL,https://xzu6o2ni3hplvpmx.onion
URL,https://privatlab.com/s/v/bYRrgy7JROH6AROr7NRN
URL,https://privnote.com/ILEZy4Pb#J5wKrn6ku
URL,http://subwowhostels.com/wp-admin/getfile.php
URL,https://tpfcu.com/getfile.php
URL,https://qaz.im/zaq/rHdkiBYZ#BN8RQhZa
URL,https://qaz.im/load/K4nK2Z/4HBNdQ
URL,https://qaz.im/index.php?a=delete&q=114525952
URL,https://slingshotsforchrist.com/getfile.php?action=getlog
URL,https://continews.xyz/x4reKi_TPI_Corporation
URL,https://privatlab.com/s/v/EJMAyAYE8XIo4jd6RneO
URL,https://remote.stockport.gov.uk/RDWeb/Pages/en-US/login.aspx
URL,http://i.prntscr.com/qMqzmSbHSS_QdlEUONrHZw.png
URL,https://qaz.im/load/378ZBK/3B6Sy3
URL,https://qaz.im/index.php?a=delete&q=22348163
URL,https://excelmediation.com/wp-includes/getfile.php?action=getlog
URL,https://donspix.com/getfile.php?action=getlog
URL,https://filetransfer.io/data-package/ctyCDTW6#link
URL,https://privnote.com/twjwWUBh#KsXTHafUU
URL,https://qaz.im/load/FYieQR/esGfAb
URL,https://qaz.im/index.php?a=delete&q=1179791491
URL,https://www.zoominfo.com/c/the-ndd-company/372426980\https://www.ndd.com.br/
URL,https://github.com/Alex19-91/test_task
URL,https://www.jpnoonan.com/
URL,https://privnote.com/Jh5iXdAH#4I1DytCnb
URL,https://privnote.com/pHNrrt8x#FH9SDRCvH
URL,https://qaz.im/zaq/Ki32Qb4d#96nsdFSH\https://1ty.me/0hpsxK
URL,http://i5rxdyozq7uyotqtmcj4hxq7modmxklejqysurqsf5ixhzw444jynvyd.onion/adminjx1p8zu25dr4ae7o.php?go=news
URL,https://qaz.im/load/eNaiQY/HSQSFs
URL,https://qaz.im/index.php?a=delete&q=754999226
URL,https://privnote.com/Q3ZJG0fc#u8tjV53u7
URL,https://privnote.com/L5biI56u#mi3aYA8Bg
URL,https://www.maxmind.com/en/geoip2-isp-database
URL,https://www.maxmind.com/en/account/set-password?token=C940EB61475D4730A90C99C3C226F06F
URL,https://yadi.sk/d/ySGgFr0ksqAp3Q
URL,https://1ty.me/IvdRIdfD
URL,https://privatlab.com/s/v/bYYn6aVAMOc6AROr7Y9X
URL,https://privatlab.com/s/v/DBBRGGdJ0VFw4XAmdgqN
URL,https://file.io/JAxWhDC9dBsF
URL,https://www.file.io/download/JAxWhDC9dBsF
URL,https://file.io/help/api/errors/TOO_MANY_REQUESTS\
URL,https://qaz.im/load/N4KaQF/2YiQSa
URL,https://qaz.im/index.php?a=delete&q=1665950173
URL,https://www.sendspace.com/file/lnslmz
URL,http://109.230.199.73/209.dll\http://109.230.199.73/209x64.exe
URL,https://qaz.im/load/azfH7k/Rrz4d2
URL,https://qaz.im/index.php?a=delete&q=1356373434
URL,https://qaz.im/zaq/Kh2KE8et#Y6FBSyhH
URL,https://www.topcashback.co.uk/\https://www.sitejabber.com/reviews/topcashback.co.uk\https://www.trustpilot.com/review/www.topcashback.co.uk\https://www.topcashback.com/\https://www.linkedin.com/authwall?trk=ripf&trkInfo=AQEBcq0IHtueCgAAAXpDO1IYxhHqD1dS0S37VU97rBEn6Gjasm3ehDXYKK6Dvu-OjzYMIbv1iZ6Ba39BMfGDiJ0kxKWd76BfL_dDCj09IQCEtrhZsSB0y6cKfElP_lpFl5R6Yts=&originalReferer=https://www.google.com/&sessionRedirect=https%3A%2F%2Fwww.linkedin.com%2Fcompany%2Ftop-cashback\https://www.independent.co.uk/topic/topcashbackcouk\https://twitter.com/top_cashback\https://www.apollo.io/companies/TopCashback-UK/54a13c4f69702d267aeecf01?chart=count\https://chrome.google.com/webstore/detail/topcashback-uk-get-cashba/ekeeeebmbhkkjcaoicinbdjmklipppkj\https://www.zoominfo.com/c/topcashback-inc/347718245\https://updownradar.com/status/topcashback.co.uk\https://www.crunchbase.com/organization/topcashback-uk\https://www.reviews.io/company-reviews/store/topcashback-co-uk
URL,https://privnote.com/LjiqtJLB#7zdZfvCMo
URL,https://privnote.com/Bp1G4jIM#oQioFrwkv
URL,https://prnt.sc/16x133m
URL,https://privnote.com/IiSZpwDN#lYNv4xbhV
URL,https://openmailbox.com/
URL,https://tutanota.com
URL,https://openmailbox.com
URL,https://torrbrowser.ru/faq/private-mail-in-tor
URL,https://privatlab.com/s/v/QGG2R5Lp46TXnyDbNxrb
URL,https://privatlab.com/s/v/4jjojL08ogIj6lrn52xZ
URL,https://github.com/microsoft/Microsoft-365-Defender-Hunting-Queries/tree/master/Campaigns/Bazacall
URL,https://privnote.com/YmHGO2fD#X8tbca3Rl
URL,https://privnote.com/zPszWGs8#A9PdzXunk
URL,https://privnote.com/RXbsy1lo#pK6eW59Rd
URL,https://prnt.sc/180y0u9
URL,https://prnt.sc/180y5tl\https://prnt.sc/180y8tl
URL,https://imgur.com/P6SMNg7
URL,https://imgur.com/a/5ic3OxE
URL,https://qaz.im/load/iTbA5H/FZStD4
URL,https://qaz.im/index.php?a=delete&q=1830434018
URL,https://threatpost.com/trickbot-banking-trojan-module/167521/
URL,https://www.kryptoslogic.com/blog/2021/07/trickbot-and-zeus/
URL,https://privatlab.com/s/v/pwwek9d4DztkVlJLjeLr
URL,https://www.sendspace.com/file/kudycc\https://www.sendspace.com/delete/kudycc/a01ad286ab470a7215e9a193821f1a54
URL,https://privnote.com/wbfGCALc#SrS6tpv09
URL,https://us.etrade.com/e/t/user/login
URL,https://etrade.com
URL,https://privatlab.com/s/v/GYYL5G8RJLFq4WnaprdA
URL,https://www.sendspace.com/file/lfxsm9\https://www.sendspace.com/delete/lfxsm9/485974225c75226b4ab1206cd7777080
URL,https://privnote.com/Hmchrcaz#KY9q2VTat
URL,https://privnote.com/iCfBLt3Y#aJ8ZLXbjt
URL,https://send.exploit.in/download/acfda6d9a25cde75/#ArM1gV8m1CFXpqz_WdOGhA
URL,https://qaz.im/load/a4hNA6/6iRG4s
URL,https://qaz.im/index.php?a=delete&q=1109292991
URL,https://qaz.im/load/bbDNtD/RrQrRt
URL,https://qaz.im/index.php?a=delete&q=1356645287
URL,https://qaz.im/load/nr8NH4/6bY2ek
URL,https://qaz.im/index.php?a=delete&q=568482112
URL,https://qaz.im/zaq/4K34h2RB#Ft36Ff6b
URL,https://privnote.com/ZOxQwpX1#ndLf3ReJ1
URL,https://privnote.com/nZez4FcG#OCIDswOJ3
URL,https://qaz.im/load/ifkyDT/tfz6Yd
URL,https://qaz.im/index.php?a=delete&q=11201682
URL,https://qaz.im/zaq/YbBf4ZyS#E4ni2Z87
URL,https://qaz.im/zaq/TS6tBDDN#kAhD2ib9
URL,https://privnote.com/UATrWYMY#nweLvyekT
URL,https://qaz.im/zaq/iEe7S3Qz#rizteD9B
URL,https://old.reddit.com/r/msp/comments/ocggbv/crticial_ransomware_incident_in_progress/h3u5j2e/
URL,https://privnote.com/fPDZ4Uus#VGrQmvFjb
URL,https://www.vtlg.com/
URL,https://107.150
URL,https://privnote.com/y0znOayo#Sk6PWoOwn
URL,https://privatlab.com/s/v/JrrAVoOxyyuE4NmlGjRx
URL,https://privnote.com/gZFLeepU#1o7TF7UGp
URL,https://www.blockchain.com/btc/tx/67ef7815d82116abea42a2cba8fb813f93deb7372602fe4f4625c49f50adaf6a
URL,https://avcheck.net/id/7ewr1QtYiCmN
URL,https://prnt.sc/1b5gj8j
URL,https://privnote.com/uoYDxg8A#dewc0qnZp
URL,https://bradiolum.top/aprel.dll
URL,https://privnote.com/aOntdANQ#iCPLmSllF
URL,https://ipinfo.io/account/home
URL,https://privnote.com/lFi6Je98#8hpX2o7OZ
URL,https://privnote.com/DRvuONr8#eLydeGvAu
URL,https://privnote.com/dvywQmDX#OFNi9epMR
URL,https://privnote.com/VvAvQmM2#RjLHb7Eq3
URL,https://qaz.im/load/ZYyR5G/AnrEzG
URL,https://qaz.im/index.php?a=delete&q=1233836586
URL,https://privnote.com/s3gPRP4f#BrituDNUj
URL,https://privnote.com/Rs4m5o1r#C83TKZHC8
URL,http://37.0.8.166:80/dcsevrtrbytr45D
URL,https://privatlab.com/s/v/5MMeQz0loOSndZ6AWzlk
URL,https://privnote.com/HK1NGpRy#jVFb5Oc6A
URL,https://privnote.com/uz0gRRJ5#NXuOyD9o9
URL,https://qaz.im/load/SY46iS/FraQ7t
URL,https://qaz.im/index.php?a=delete&q=1307407019
URL,https://privatlab.com/s/v/AEE6gRkkN0f74V0N9JjD\https://privatlab.com/s/d/AEE6gRkkN0f74V0N9JjD/G3obq#delete
URL,https://privnote.com/RKyJ7a1e#TABYPiiV0
URL,https://privatlab.com/s/v/M997L0ybqJuO4LoawJa4
URL,https://privnote.com/ZabqaAR0#WZAkf4Nql
URL,https://dyncheck.com/scan/id/34b507ccb8ef392ec4df5dd866b496af\https://dyncheck.com/scan/id/7a96cd5c12afebe02d1e404dadcbdcde\https://dyncheck.com/scan/id/4a5028a84ebab50921272115f40974a5
URL,https://www.ired.team/offensive-security/initial-access/netntlmv2-hash-stealing-using-outlook
URL,file://157.230.60.143/download.jpg\
URL,https://privnote.com/weKK8tpm#t2xLwilE7
URL,https://qaz.im/zaq/T4KE5zka#rZdGKYdd
URL,https://privatty.com/ru/n/VXq7VJd3#tndOa6tBRWxU
URL,https://privnote.com/oaKzdkEl#kzgcIHii9
URL,https://qaz.im/load/4htAfZ/6n5i4d
URL,https://qaz.im/index.php?a=delete&q=1741258151
URL,https://qaz.im/load/bh8ebt/RhsHdE
URL,https://qaz.im/index.php?a=delete&q=1061652032
URL,https://privnote.com/vxaGqUH7#qn3XIxyEL
URL,https://privnote.com/aGCXECud#CsFbtuYRt
URL,https://youtu.be/9gLHycT1RzU
URL,https://xflemdsxjrjilw34dsxpvrxp5whnaut7hc5xejwuqs6eqrkt77bxkwid.onion
URL,https://qaz.im/load/GnDn7a/z92dry
URL,https://qaz.im/index.php?a=delete&q=2011930910
URL,https://privnote.com/ExWiSHFE#Ow1pjcObc
URL,https://privnote.com/N45cVMbK#NA6tPWpGc
URL,https://privatlab.com/s/v/omm7JrRRa0h3V0pEzBEE
URL,https://privatlab.com/s/v/xAAJVbw5GLIewz7gR9jd
URL,https://privatlab.com/s/v/pwwy4kVmNAHBMjpA6D2W
URL,https://privnote.com/9NSBK3Aa#KixjSaFGQ
URL,https://privnote.com/3giXk7JY#Ug4WhUMqf
URL,https://privatlab.com/s/v/M994ZxjV5MTRNwJVye7r
URL,https://chat.dataitx.com
URL,https://file.io/rYxgL5REikvj
URL,https://privnote.com/qcoGNVjB#SyUNhH7en
URL,https://privnote.com/o7UQcpMg#2JbKRoh1m
URL,https://privnote.com/mVqoxZJg#06De8GQiK
URL,https://privatlab.com/s/v/DBBGXoeam9ipRdLGJDLA
URL,https://qaz.im/zaq/e6nb5zH3#2SHzBeB3
URL,https://qaz.im/zaq/2serR58b#Qa6fKHQF
URL,https://file.io/1dFQMcTQZVnm
URL,https://privatlab.com/s/v/YOOXzooqRduWAN2q8g2Y
URL,https://privatlab.com/s/v/zBB3peoyyjsjegWo3d78
URL,https://privatlab.com/s/v/M99V8xJnYkfRNwJVyp53
URL,https://privatlab.com/s/v/DBBGbDbbr7cpRdLGJDWA
URL,https://privatlab.com/s/v/GYYmW0DW3AhL6pJm2e45
URL,https://privatlab.com/s/v/ZVVnB7yerQfRdqlY7bAb
URL,https://www.sendspace.com/file/8cet2q\https://www.sendspace.com/delete/8cet2q/e9d8b875a079647d0df335ddbf14158f
URL,https://www.securitylab.ru/news/523162.php
URL,https://hhcdn.ru/file/16899324.pdf
URL,https://privnote.com/dwBElZmP#wof8bqbOC
URL,https://qaz.im/load/GtRayt/68QTyF
URL,https://qaz.im/index.php?a=delete&q=700519506
URL,http://continewsnv5otx5kaoje7krkto2qbu3gtqef22mnr7eaxw3y6ncz3ad.onion/
URL,https://www.microsoft.com/security/blog/2021/05/27/new-sophisticated-email-based-attack-from-nobelium/
URL,https://privnote.com/t8bQ7i7m#tKkPU6mTV
URL,https://qaz.im/load/Qythah/Z4nBsS
URL,https://qaz.im/index.php?a=delete&q=427416259
URL,https://1ty.me/fVwTjia
URL,https://privnote.com/I8frJon9#vQmVPSYJS
URL,https://privatlab.com/s/v/72nYrlz3OYsNm35lBY0y
URL,https://qaz.im/load/sTsiGF/5kRtRh
URL,https://qaz.im/index.php?a=delete&q=1070249902
URL,https://sellvip72.com/en/contact.php
URL,https://privnote.com/wmNf5HLr#dm1gyOcZE
URL,https://1ty.me/Pmreqmdp1
URL,https://sf-8326c07.hx.spiderfoot.net/
URL,https://www.signalhire.com/
URL,https://disk.yandex.ru/d/zIsWj8NjR53tGg
URL,https://file.io/aFft29MLJJvM
URL,https://privnote.com/nc7fgvQg#WseH7UMhT
URL,https://stackoverflow.com/questions/39453027/how-to-disable-http2-in-nginx
URL,https://privnote.com/JoGL7BFM#FY1LqZHSZ
URL,https://www.securitylab.ru/news/523552.php
URL,https://privatlab.com/s/v/dbDjOy7rXXIdrDZaEQ32
URL,https://privnote.com/B3QW1VfL#SG37ZR3B2
URL,https://privnote.com/5Eou3GhH#v1LP3F8jt
URL,https://privnote.com/KdblZjDE#gB0cxhHCv
URL,http://xssforumv3isucukbxhdhwz67hoa5e2voakcfkuieq4ch257vsburuid.onion/threads/50513/
URL,http://xssforumv3isucukbxhdhwz67hoa5e2voakcfkuieq4ch257vsburuid.onion/threads/55956/
URL,https://privnote.com/cJ1egRUJ#3XwCpk9ny
URL,https://179.43.147.243/begemot/dero.git/':
URL,https://1ty.me/Nit6sB4bS
URL,https://mb5fbvx72fbod2hkirfecc5nh7lwq6ke7xocn7j2u7raiwbytvevpbad.onion/begemot/dero.git
URL,https://mb5fbvx72fbod2hkirfecc5nh7lwq6ke7xocn7j2u7raiwbytvevpbad.onion/begemot/dero.git/
URL,h://127.0.0.1:9050
URL,https://avcheck.net/id/W3aQ1jakrNFN
URL,https://privnote.com/icbZ3WlB#3X996ejij
URL,https://privatlab.com/s/v/nRJWEy5VOrC6kAQ5gnBm
URL,https://privnote.com/4JP6VKue#ceAOxFfkv
URL,https://prnt.sc/1ri6dev
URL,https://qaz.im/load/yrtSSt/d8zGrd
URL,https://qaz.im/index.php?a=delete&q=688117064
URL,https://privatlab.com/s/v/r7W3RXVzzrudgZMGm4LY
URL,https://privatlab.com/s/v/OjAwZdVk4wSnwYNMA3Ag
URL,https://qaz.im/load/saRneF/KRZSeY
URL,https://qaz.im/index.php?a=delete&q=2003667918
URL,https://privatlab.com/s/v/lGdQRE7x6bTDV2n7Bdw6
URL,https://privatlab.com/s/v/YO6LQ0M6ymUd6pjnkeJx
URL,https://ru.wikipedia.org/wiki/Rust_(%D1%8F%D0%B7%D1%8B%D0%BA_%D0%BF%D1%80%D0%BE%D0%B3%D1%80%D0%B0%D0%BC%D0%BC%D0%B8%D1%80%D0%BE%D0%B2%D0%B0%D0%BD%D0%B8%D1%8F)
URL,https://solana.com/\https://habr.com/ru/post/560566/
URL,https://qaz.im/load/5BSrKa/BerT4r
URL,https://qaz.im/index.php?a=delete&q=208643753
URL,https://privatlab.com/s/v/3Qn2ErZ42oHzB9rLoY9l
URL,https://privatlab.com/s/v/omk8YpLYq6sObQxJgVqD
URL,https://privatlab.com/s/v/6Ge79k5oR5iWGwdBkZdO\https://dyncheck.com/scan/id/360cc79cc05f72c093bc6b68504b2b78
URL,https://privatlab.com/s/v/dbDdlY6ZAXTdrDZaELZM
URL,https://privatlab.com/s/v/r7W0pX5YVOFdgZMGm8yn
URL,https://privatlab.com/s/v/wE90k3o3ndIZz04wdk88
URL,https://privatlab.com/s/v/06nGjAlV7xIDLbBZk75R
URL,https://privatty.com/en/n/DMDD4EQ0MO#t0XfzgYDJH
URL,https://1ty.me/S7K4A7gzF
URL,https://www.bestchange.ru/
URL,https://31.14.40.220/TST150/WIN-D92SKISQ0JG_W639600.579036FF7F1C6D1A25B3F315D688968E/84/'
URL,http://63.147.234.198:443/TST150/WIN-D92SKISQ0JG_W639600.579036FF7F1C6D1A25B3F315D688968E/84/'
URL,https://privnote.com/dhYK5Ql5#pcNU4zrWa
URL,https://privatlab.com/s/v/bYmwBoDVnGHApwXyB0RQ
URL,https://qaz.im/load/zG4GAn/bz8te5
URL,https://qaz.im/index.php?a=delete&q=1027630981
URL,https://qaz.im/load/8T7ARr/zr9zZ3
URL,https://qaz.im/index.php?a=delete&q=885003386
URL,https://qaz.im/zaq/33iKryr6#aE9KfN9S
URL,https://privatlab.com/s/v/R2JEkponO7S4OYW5xybY
URL,https://citrix.crocs.com/logon/logonpoint/index.html
URL,https://www.zoominfo.com/c/crocs-retail-llc/23563143
URL,http://pjtsmartsuite.skec.com/citrix/storeweb/
URL,https://estaciobr.cloud.com/citrix/storeweb/
URL,https://citrix-test.medicardphils.com/vpn/index.html
URL,https://citrix.nampak.com/logon/logonpoint/index.html
URL,https://www.zoominfo.com/c/nampak-ltd/191382240
URL,https://dpaschoal.cloud.com/citrix/storeweb/
URL,https://ctx.escocitrix.com/vpn/index.html
URL,https://protransport.cloud.com/citrix/storeweb/
URL,https://gw.vsone.lk/vpn/index.html
URL,https://emsonline.tritech.com/vpn/index.html
URL,https://portal.ponsse.com/vpn/index.html
URL,https://cloud.qu.edu.qa/vpn/index.html
URL,https://anaten.net:8443/vpn/index.html
URL,https://ctx.macsteel.co.za/vpn/index.html
URL,https://vlab.uidaho.edu/logon/logonpoint/index.html
URL,https://bcncloud.uhy-fay.com/logon/logonpoint/index.html
URL,https://portal.bavaria.com/dana-na/auth/url_default/welcome.cgi
URL,https://extranet.uj.edu.pl/dana-na/auth/url_default/welcome.cgi
URL,https://correoweb.guardiacivil.es/dana-na/auth/url_16/welcome.cgi
URL,https://privnote.com/TAWS1Jdo#DRZak4Zpb
URL,https://file.io/3VCXM4atHYfo
URL,http://xssforumv3isucukbxhdhwz67hoa5e2voakcfkuieq4ch257vsburuid.onion/threads/56486/
URL,http://xssforumv3isucukbxhdhwz67hoa5e2voakcfkuieq4ch257vsburuid.onion/threads/56793/
URL,https://privatlab.com/s/v/nRJJ4yLraqS6kAQ5goqq
URL,https://privnote.com/8QJrMjvJ#XHqWokqhM
URL,https://privatlab.com/s/v/EJRVrYYMZMS4zpXy7NZk
URL,https://privatlab.com/s/v/JryBraYGn8T4YAZQpR3z
URL,https://privatlab.com/s/v/NQEqEZYyJ5F4gQ9Nk7dj
URL,https://privatlab.com/s/v/bYmVqk5Y74fApwXyBZ7d
URL,https://privatlab.com/s/v/BAM70Xndz5uNqRxjE6Gw
URL,http://31.14
URL,https://privatlab.com/s/v/VDWQa6QYkAFpJj8LDB3R
URL,https://privatlab.com/s/v/AEjD45V5OXS4G5oOkrde
URL,https://file.io/5jE6JFV7sPrj
URL,https://privatlab.com/s/v/jjEapQqX38IWDdm4ewON
URL,https://file.io/W55FWnpPWgri
URL,https://temp.sh/fJXCc/1.rar
URL,https://1ty.me/Gi3IEF
URL,http://bergmeitli.ch/2.dll
URL,https://www.birkenstock.com
URL,https://privatlab.com/s/v/xAQ3Nng054ixBlVZ3BWV
URL,https://privatlab.com/s/v/xAQ3yJyb6WsxBlVZ3BGQ
URL,http://195.149.87.59/1_http_x64.dll\http://195.149.87.59/2_https_x64.dll
URL,https://privatlab.com/s/v/lGdkWGOODpIdDkxL38Bl
URL,https://www.youtube.com/watch?v=HV7sjEDlMKs
URL,https://intoli.com/blog/not-possible-to-block-chrome-headless/
URL,https://privnote.com/DarWyHvw#BPpvG2tDF
URL,https://privnote.com/359a3SZ6#lCSXJehib
URL,https://privatlab.com/s/v/GYwbRmbrpatMDqEyjly6
URL,https://privatlab.com/s/v/5MnboG9zj3typnR8wQeY
URL,https://qaz.im/zaq/fEN7innR#e88ASE8H
URL,https://qaz.im/zaq/zDk4dKzY#yAaTTZZz
URL,https://my-ppl.com
URL,http://203.80.170.81:443
URL,http://199.233.235.194/518e04ba-3342-4b8c-9c11-93e2f4afb818/pem/
URL,http://199.233.235.194/518e04ba-3342-4b8c-9c11-93e2f4afb818/pem/Budgets/Budget
URL,https://file.io/0fx0QVzWw9RW
URL,https://privatlab.com/s/v/g8Ozk4W3bAFVQm6gZRxb
URL,https://privatlab.com/s/v/aqRAojBmNjum5QyG8XAW
URL,https://trade.kucoin.com/SOLR-USDT
URL,https://file.io/8HVsJbPGmvPD
URL,https://privnote.com/YbI4spof#ZvpC3Wkqu
URL,https://privatlab.com/s/v/jjELlRYjD5Iqd7gYpy4g\https://privatlab.com/s/d/jjELlRYjD5Iqd7gYpy4g/mn5DD#delete
URL,https://privnote.com/bwNjT93W#bXb68n7mC
URL,https://temp.sh/jDpqP/1.rar
URL,https://file.io/rwK0QHiKJVxW
URL,https://128.201.76.252:443/trk2/WINDOWS-PC_W10019042.1cfda14ed4ac5d7173424be5036d5bdd/1/fgts62mkaqe1Vz7s/
URL,https://privnote.com/8mqQH5sF#6bcItLsSP
URL,https://ojdglzhrquash4igbx6e6wlthe3si4biabcpfopiw33uohvaufjgipad.onion
URL,https://privatlab.com/s/v/6G6AGREmzjtlwz9nmA8Z
URL,https://privnote.com/hiofIToX#WVWJFKJ6S
URL,https://1ty.me/07SITT8sM
URL,https://privnote.com/GV8WcNge#DQlkMRaCa
URL,https://privnote.com/AHFYaRGi#GFrbJEIeL
URL,https://privnote.com/tOCXd70d#ZC3YNDEgA
URL,https://privnote.com/FgxaA4ew#5Bw0Ms7Ve
URL,https://privatlab.com/s/v/erA34MqVwzhyo2bqVLAV
URL,https://1ty.me/hR8oop1CM
URL,https://1ty.me/proax1nV
URL,https://privatty.com/en/n/7K4qLQKJpl#vlBl138gYsVh
URL,https://www.fakenamegenerator.com/order.php
URL,https://securityintelligence.com/posts/trickbot-gang-doubles-down-enterprise-infection/
URL,https://privatlab.com/s/v/wE24edB7EYcR0lWLx8Qr
URL,https://privatlab.com/s/v/kMqraRnEmrhYXyj0pr85
URL,https://file.io/1wCRnIKgWveh
URL,https://file.io/X1YZtA9fyAEK
URL,https://onfager.com/update.html
URL,https://privnote.com/m2Pt7EyX#2JKNvcqjx
URL,https://privatlab.com/s/v/QGbroYpZWRTB4deoZa9X
URL,https://privatlab.com/s/v/jjxMyjQzMquqd7gYp3gr
URL,https://www.crunchbase.com/
URL,https://1ty.me/Fj9QrRFop
URL,https://temp.sh/copeR/tmp.zip
URL,https://www.crunchbase.com/discover/organization.companies
URL,https://privnote.com/9ydG0tWM#IuCTgYuv6
URL,https://file.io/oiGkziAiL6hv
URL,https://6yp2jljwgdxmwy4uxfaxbkjgm2txlxxb5akxn43cyaz3cjo2gqd65yid.onion
URL,https://privatlab.com/s/v/r79erbmEMbcQZaD5n2em
URL,https://privnote.com/htvu1f8t#UmshP6tL8
URL,https://privnote.com/uMZq1bRL#JCwlWKVgU
URL,https://privnote.com/2JZXw5yc#bO3O4pysI
URL,https://14740-27223.bacloud.info/postfixadmin/public/main.php
URL,http://14740-27223.bacloud.info/webmail/
URL,https://1ty.me/jbJGQh
URL,https://1ty.me/L6GyReiI
URL,https://privatlab.com/s/v/6G6WO9yljgslwz9nm99k
URL,https://privnote.com/fp7NsJYc#Mgcg6qwDz
URL,https://ericdraken.com/headless-chrome-vpn-docker/
URL,https://temp.sh/bctPM/f3cfb349.7z
URL,https://privnote.com/ZVJG34J7#crbCvyjtT
URL,https://1ty.me/Kg4PE
URL,https://continews.click/
URL,https://teletype.in/@qiwi_service/qiwi
URL,http://4nmxrhdtbznfr7f3q6bhd4qxxfcxodao3h2txugojsizca4uhppdkzad.onion/private/168xavj5/M5kuzP_sampleData.jpg
URL,https://continews.click
URL,http://continewsnv5otx5kaoje7krkto2qbu3gtqef22mnr7eaxw3y6ncz3ad.onion/6z3vSKVI_DEWEtech
URL,http://continewsnv5otx5kaoje7krkto2qbu3gtqef22mnr7eaxw3y6ncz3ad.onion/gWu2p5H1_TTC
URL,https://www.youtube.com/watch?v=aPfd6-4F1xU
URL,https://privnote.com/00GxA97p#G7LGkenGu
URL,https://www.sendspace.com/file/h19re5
URL,http://continewsnv5otx5kaoje7krkto2qbu3gtqef22mnr7eaxw3y6ncz3ad.onion/Xa3Uo9Gk_KISTERS
URL,https://file.io/ACGcUOcRgw94
URL,https://privatlab.com/m/v/r79zJ6djbyUjokBDgkA9
URL,https://privatlab.com/s/v/xARzYXQE4mua6pqbBp3k\https://avcheck.net/id/nGTsZk3l0XGQ
URL,https://www.zoominfo.com/c/intellinet/59671809
URL,http://continewsnv5otx5kaoje7krkto2qbu3gtqef22mnr7eaxw3y6ncz3ad.onion/QIpblFS3_Harness_IP
URL,https://qaz.im/zaq/sYaQhaAR#n64H89hb
URL,http://continewsnv5otx5kaoje7krkto2qbu3gtqef22mnr7eaxw3y6ncz3ad.onion/ilUCk6R9_FRONTIER_SOFTWARE
URL,https://www.zoominfo.com/c/gearbox-software-llc/15728764
URL,https://www.zoominfo.com/c/streamline-enterprises-inc/348764717
URL,https://www.zoominfo.com/c/busch-llc/9570332
URL,https://dropmefiles.com/JIDMq
URL,https://privnote.com/NLIQ0IXO#HRTSwMRL8
URL,https://privatlab.com/s/v/8R99jOp2beImGnOr98wa
URL,https://privnote.com/4mSBAubR#I7vLAS0y6
URL,https://blockchair.com/bitcoin/address/bc1q6gj8ymnjh863gmuvh2nc3462trrvzlxf2atzxn
URL,https://continews.click/lrPj4nWA_Not_Yet_Kameraden
URL,https://www.sendspace.com/file/eeni99
URL,https://privnote.com/6u8WJ4un#FRZmoXvHj
URL,https://privnote.com/RrD1IJ05#A7FeAoNTK
URL,https://www.sendspace.com/filegroup/JKrHiUAcS8fTne8txQhFd%2BGThoPhi%2BeO
URL,https://privnote.com/1vd3XkNV#L2cbdKAvx
URL,http://czb6edlp7gsar4u5crxccldjkjn36p35fro7c7gck7wjumcrzq4efgid.onion/zeh7dkwfdxw99tdk/
URL,https://gofile.io/d/aFKN4d
URL,https://privatlab.com/s/v/aqOb8b6ak4SRWVEyn72A\https://privatlab.com/s/d/aqOb8b6ak4SRWVEyn72A/X75aM#delete
URL,https://privatlab.com/s/v/m2WwYWNew6FrE6mG9NJ4
URL,http://188.241.120.42/wai.php
URL,https://91.193.180.23:80
URL,https://82.202.192.66:80
URL,http://contirecj4hbzmyzuydyzrvm2c65blmvhoj2cvf25zqj2dwrrqcq5oad.onion/
URL,https://82.202.192.66:80/wai.php
URL,http://vote.creativedune.com/wp-includes/c5AxiMo5/
URL,https://torproject.org
URL,https://contirecovery.ws
URL,http://continewsnv5otx5kaoje7krkto2qbu3gtqef22mnr7eaxw3y6ncz3ad.onion/fFM9yCUN_Hutt
URL,http://contirecj4hbzmyzuydyzrvm2c65blmvhoj2cvf25zqj2dwrrqcq5oad.onion/support/fb5b77a7313635e3bcb751a483812263
URL,https://privnote.com/7atZAmqK#W0cVSl2ah
URL,https://privatlab.com/s/v/xARJByo62Zsa6pqbBwA7
URL,https://privatlab.com/s/v/5MrJe9eAkQCGO6Vz5x74
URL,https://www.ozon.ru/category/apparatnye-koshelki-dlya-kriptovalyut/
URL,https://www.ozon.ru/product/ledger-nano-x-apparatnyy-koshelek-dlya-kriptovalyuty-mobilnyy-holodnyy-koshelek-273546206/?asb=okOYsUIhE0WeF0fpqI7IDTYzEPNAoGHohKz%252B82iaSSo%253D&asb2=uS9zvK6ZuE0sVGZ1wJxukLBzx05FVwUWZFoAM4wWq6cTaHp-woOSrDnj77LV5oVEMRMsaiKvOA4Ps-dCPFL2jA&sh=0fNhGZDt
URL,https://m5px4n6r2jruhun3g2bp2uhj7d7w37dqglp34uvn5uhbz5n2tticgyad.onion/
URL,http://www.spencersonline.com/
URL,http://continewsnv5otx5kaoje7krkto2qbu3gtqef22mnr7eaxw3y6ncz3ad.onion/9301xDIc_TRI-COUNTY_ELECTRIC_COOPERATIVE_INC
URL,http://continewsnv5otx5kaoje7krkto2qbu3gtqef22mnr7eaxw3y6ncz3ad.onion/9ekt1FhM_RLD_Associates
URL,https://www.bscr-law.com/
URL,http://continewsnv5otx5kaoje7krkto2qbu3gtqef22mnr7eaxw3y6ncz3ad.onion/S8NBp5rV_BSCR
URL,http://continewsnv5otx5kaoje7krkto2qbu3gtqef22mnr7eaxw3y6ncz3ad.onion/beNVUGLs_Spencer_Gifts_LLC
URL,https://privatlab.com/s/v/EJVAJyprm0uwxd2AzNgL
URL,https://qaz.im/zaq/zyGi6E99#hKQ5dFT6
URL,http://czb6edlp7gsar4u5crxccldjkjn36p35fro7c7gck7wjumcrzq4efgid.onion/zeh7dkwfdxw99tdk/#/chat/55fd783cc108f24e3ff421307f7ccd1e
URL,https://www.sendspace.com/file/lgos15
URL,https://www.sendspace.com/file/p91llb
URL,http://198.244.193.210/images/wolf.png
URL,https://ascii.cl/htmlcodes.htm
URL,https://temp.sh/FwsSg/1.rar
URL,http://195.149.87.59/bec_http_555_x86-1638187809-T12B123Z_32-cr.dll\http://195.149.87.59/bec_http_555_x64-1638187557-T12B123Z_64-cr.dll\https://195.149.87.59/bec_https_555_x86-1638188794-T12B123Z_32-cr.dll\https://195.149.87.59/bec_https_555_x64-1638188562-T12B123Z_64-cr.dll
URL,https://qaz.im/zaq/h5E5rdiG#EnyaET7k
URL,https://www.sendspace.com/file/ixq9en
URL,http://crypmix4m5iunofa25mpmiihdb56oaqg57tvrebqatc6otn3w65qhlid.onion/
URL,https://www.sendspace.com/file/j1uwrq
URL,https://privatlab.com/s/v/L8kJ2VM0zNIbY8pAx4oD
URL,http://lavi.com/
URL,https://privatlab.com/s/v/ZV2YgnBkRLhxnByV2zxo\https://privatlab.com/s/d/ZV2YgnBkRLhxnByV2zxo/bX5j5#delete
URL,https://ibb.co/1K8X6nc
URL,https://ibb.co/vHDmjhx
URL,http://standoutglobal.com/2/MWpqeVgZ/\http://vendes.marketing/transmigrant/Wplzr/\https://www.luvander.com/4/n/\https://ascarya.digital/wp-content/ZH4rirU/\http://crackedshop.org/9/q080U0ARYYL/\http://thesensescollection.com/wp-admin/5jtAxMp1TTZ7Y/
URL,https://privatlab.com/s/v/EJVOBO908QTwxd2AzQwO
URL,https://www.anti-malware.ru/news/2021-11-17-111332/37504
URL,https://privatlab.com/s/v/9mQwrxrGZyfwgpBRaQpA
URL,https://dropfiles.me/download/2f477b06a6f365e5/#c-F-Rb1fZ8U9hpJ-kxXqoA
URL,https://qaz.im/zaq/reAA95KF#tyiikQTt
URL,https://dropmefiles.com/b2cxg
URL,https://privatlab.com/s/v/6G6ExOze4wF2YbL9GG3n
URL,https://dropfiles.me/download/0dd1a0386cc94e6c/#RxrJ9GMEHq05wgaFW54nXg
URL,https://privnote.com/I7uSIX1b#wjg0HLSyl
URL,https://group.chantellelingerie.com
URL,http://l66orrehfw4hovqme625bavlpz7m2achabov3iyqy76cai44oao6neqd.onion/zeh7dkwfdxw99tdk/
URL,https://privatlab.com/s/v/ZV2Qypr8LOIxnByV22N2
URL,https://privatlab.com/s/v/ydmkel4ek5SE8Z9rMMoe
URL,https://privatlab.com/s/v/06lMJa7eZyC8qxX4LL0M
URL,https://www.sendspace.com/file/pzh2td
URL,http://czb6edlp7gsar4u5crxccldjkjn36p35fro7c7gck7wjumcrzq4efgid.onion/zeh7dkwfdxw99tdk/#/chat/b8d11ff1c768bc5c805c86b8491dbb9a
URL,https://privatlab.com/s/v/nRb6p7G3pQS3anz2kkg4
URL,http://l66orrehfw4hovqme625bavlpz7m2achabov3iyqy76cai44oao6neqd.onion/zeh7dkwfdxw99tdk/#/chatList
URL,http://www.perennialsfabrics.com/
URL,http://www.lyonwaugh.com/
URL,https://privnote.com/6WtFwT4U#CysOE7Qld
URL,http://ricoouro.pt/cgi-bin/FMxFEI/\http://airsofthoekje.nl/wp-admin/C1YLQ7Q23YM/\http://www.laketans.cat/jgfolch/K9zz6C2OrrT0kK/\http://live.capebd.com/wp-content/qXz7xIv27Ev/\http://viphco.ir/wp-content/JFCPP2p/\http://boncointunisie.com/iboct/HaatTz7HREgoFZlN/\http://swim.romangrey.net/VHRHtertG/
URL,https://privatlab.com/s/v/M9az6mOEdaC5Wo63YYGX
URL,http://startstv.com/wp-admin/6WFdokVxE1dPZYcjs/\http://www.resultbihar.com/packet/mj8gEAxDj49HDrLgc4MYw10/\http://ganacon.ithemi.com/cgi-bin/rofqAjH/\http://tonziradio.com/wp-includes/ruqe0Dh1mVvbqrbcDz/\http://rapture2.romangrey.net/blastematic/hOyCwvKXsnCg6Amj7v/\http://do.ithemi.com/cgi-bin/hTCmcsLIxPs/
URL,http://aicode-test.art/lfnw/bftzVKMok5JwF44/
URL,https://ibb.co/VVrkQKw
URL,https://privatlab.com/s/v/zB2OJLxDbZI79aJ6BBAx
URL,https://privatlab.com/s/v/ero03bjdGJI78dDbee8Q
URL,https://privatlab.com/s/v/pwWXJlExL7C9EJRgGGEN
URL,https://privnote.com/Pvb00gsV#8V9Goriwy
URL,https://srcdatastorage.z13.web.core.windows.net/jajnedhneb.appxbundle\
URL,https://srcdatastorage.z13.web.core.windows.net/jajnedhneb.appinstaller\
URL,https://shell.com/index.html)
URL,https://shell.com/file.appinstaller)
URL,https://shell.com/file.appinstaller
URL,https://shell.com/file.appxbundle)
URL,https://documentreviewmain.z13.web.core.windows.net/lneddhlhna.appinstaller\
URL,https://i.imgur.com/aEnyme5.png
URL,https://shell.com/file.appinstaller\
URL,https://privatlab.com/s/v/8Ra0n4J437ImGnOr99G4
URL,https://shell.com/file.appxbundle\
URL,https://privatlab.com/s/v/YOj57MolxAu4BlYM66BM
URL,ttps://tienda.alfrio.cl/Navajo/EMLpuzI7tf/\
URL,https://tienda.alfrio.cl/Navajo/EMLpuzI7tf/
URL,https://tienda.alfrio.cl/Navajo/EMLpuzI7tf/\
URL,http://schemas.microsoft.com/appx/appinstaller/2017/2\
URL,http://jkla.com.br/wp-content/a5kV/\
URL,https://privnote.com/VQ60RZlG#OCszXBQvS
URL,https://shell.com/path/?dll
URL,https://privatlab.com/s/v/AEaxwrx3Y8tyx0eAGGmJ
URL,https://privatlab.com/s/v/R2Wz9awVbWIp9D6VOOdQ
URL,https://dropfiles.me/download/81518faf9bb7461b/#w_9rfK2ct0FNgqm6RCM6hQ
URL,https://srcdatastorage.z13.web.core.windows.net/jajnedhneb.appxbundle?param1=https://some/some/1.dll\
URL,http://contirec7nchr45rx6ympez5rjldibnqzh7lsa56lvjvaeywhvoj3wad.onion/NJv9nz4fcgefhEIiAcajtSgi4EhLEriHum6l1ZgTB3opPWhRg8KRrJYjxiLdSOrk
URL,http://www.parts-unlimited.com/
URL,http://www.lemanscorporation.com/
URL,http://www.charleskendall.com/
URL,https://www.sendspace.com/file/tfkmef
URL,https://privnote.com/uv30XG35#29RaHeUPy
URL,https://shell.com/file.appinstaller&activationUri=custom-params:?data=https://host.com/1.dll
URL,https://host.com/1.dll
URL,https://protonmail.com/abuse
URL,https://datastorefiles.z13.web.core.windows.net/cnmnghdaeo.appinstaller\
URL,https://shell.com/file.appinstaller&activationUri=custom-params:?data=https://host2.com/file.dll\
URL,https://www.sendspace.com/file/ixckb2
URL,https://privnote.com/SYocSOaH#M6LL4Lg2v
URL,https://privatlab.com/m/v/R2WMgepJO7up9D6VOOOQ
URL,http://continewsnv5otx5kaoje7krkto2qbu3gtqef22mnr7eaxw3y6ncz3ad.onion/wqKecF1B_The_Briad_Group
URL,http://l66orrehfw4hovqme625bavlpz7m2achabov3iyqy76cai44oao6neqd.onion/zeh7dkwfdxw99tdk/#/chat/b5aa6db9f0a400afa923460f7542502bf58bf500af7a303abaa76d837e7088ec
URL,http://l66orrehfw4hovqme625bavlpz7m2achabov3iyqy76cai44oao6neqd.onion/zeh7dkwfdxw99tdk/#/chat/e3687702e8eb8b6e0e574ca463a5755d9b98867e6eed72724db8b3848a4bcfbc
URL,http://l66orrehfw4hovqme625bavlpz7m2achabov3iyqy76cai44oao6neqd.onion/zeh7dkwfdxw99tdk/#/chat/b62c7a7ec0f49309ae9fe72f8194123043508ea4b2329ebf8fcae55ca47bca75
URL,http://l66orrehfw4hovqme625bavlpz7m2achabov3iyqy76cai44oao6neqd.onion/zeh7dkwfdxw99tdk/#/chat/f8b8d7ff67a8481713294e2f8a3f848ea0a7c4842b6fbf906c3c5024d97a2266
URL,http://l66orrehfw4hovqme625bavlpz7m2achabov3iyqy76cai44oao6neqd.onion/zeh7dkwfdxw99tdk/#/chat/c38825e698306ab569e55e780c197452c9df65d5c339e51126b92c7cd65c6786
URL,http://SVL.COM
URL,http://continewsnv5otx5kaoje7krkto2qbu3gtqef22mnr7eaxw3y6ncz3ad.onion/GV8PuAI7_LAVI
URL,https://privnote.com/palfzcPE#sdXXA8OF1
URL,https://privnote.com/R8grjnHg#nO1UPf1nX
URL,http://continewsnv5otx5kaoje7krkto2qbu3gtqef22mnr7eaxw3y6ncz3ad.onion/gQ1ZfJba_Shutterfly_Inc
URL,https://privatlab.com/s/v/DBawplBX2DhWxAEk9nzr
URL,https://file.io/ZIBARHZmBGX0
URL,https://privatlab.com/s/v/EJawrarkp6Iwxd2AzBgb
URL,https://file.io/CaLTTzHLVKdB
URL,https://privnote.com/gDaRc7hr#68XDn8ejU
URL,https://github.com/fatedier/frp
URL,https://privnote.com/LBujO1Pg#Szk16srh4
URL,https://privnote.com/USv6HD0W#cPRI007ft
URL,https://dropmefiles.com/MzZRI
URL,https://dropfiles.me/download/249629ca43073384/#mwDGK-NmPhUOIaNQcul4Fg
URL,https://dropmefiles.com/OkLEY
URL,https://privatlab.com/s/v/g8A2R3rpDyCx4JO62l3m
URL,https://my.itldc.com/billmgr
URL,https://www.domicim.ch/
URL,https://www.talis-group.com
URL,https://privatlab.com/s/v/QGYNk0nYOVH78DpeWJ0w
URL,https://privatlab.com/s/v/qDbo9d37doIQE79gRpOG
URL,https://privnote.com/dy6UOARa#luQSv9tFb
URL,https://dropfiles.me/download/dabf2db768247390/#yhQKq2HEJEN2BAe77BQOBQ
URL,https://dropmefiles.com/zBvAf
URL,https://qaz.im/zaq/8AYGF3nD#dSa7brGn
URL,https://dropfiles.me/download/3a126320e6f1ac31/#5eAu-6E6aJBW7jDQPwggSg
URL,https://www.bleepingcomputer.com/news/security/shutterfly-services-disrupted-by-conti-ransomware-attack/
URL,http://22q6iu4dmoex3xv5vdiceqzc2bkrc6262cak5ylp3vwauqw3zaxpuyad.onion/zeh7dkwfdxw99tdk/
URL,http://continewsnv5otx5kaoje7krkto2qbu3gtqef22mnr7eaxw3y6ncz3ad.onion/zTnGsBmj_Acuity_Brands
URL,http://continewsnv5otx5kaoje7krkto2qbu3gtqef22mnr7eaxw3y6ncz3ad.onion/4OlU3tF0_Minto_Group
URL,https://www.zoominfo.com/c/the-minto-group/25165995
URL,https://www.dnb.com/business-directory/company-profiles.minto_holdings_inc.373a810a4bf0dd976a90ac095848d097.html
URL,http://pj3n6aix4l5lqoorwu5qbolmhwpqyabwpifdvn2w5qiznlqqayzmegid.onion/note/1U1kjIG12IiVvlWmhLlDXwPEPPx2VuWLNpjL31UnVfFIlVfiV5t7cmY6g09oRqsFGnwx63kqpRMSthOMKEvR5ZM#1380020fb31a0942e96759ead2b24591c1f4f38e32cd2f6dc1676926cb241e87
URL,https://dyncheck.com/scan/id/f00abc1ef6cc71be34db96cf3a125499
URL,https://temp.sh/ueksm/222.7z
URL,https://privatlab.com/s/v/bYy58RMNkAfmbO5qpyXb
URL,https://privnote.com/Vjwbx92s#FH2O7dGpG
URL,https://privnote.com/8EVwSZAn#RPPHstSo9
URL,http://contirec7nchr45rx6ympez5rjldibnqzh7lsa56lvjvaeywhvoj3wad.onion/vOjdyhnt7ADeB867Pg5e1ANOWX40k3KndyNiyaRB1mwP0KMtHLnPeuVSj99huNzu
URL,http://l66orrehfw4hovqme625bavlpz7m2achabov3iyqy76cai44oao6neqd.onion/zeh7dkwfdxw99tdk
URL,https://privnote.com/OL3gP00H#O4qepyH1G
URL,https://l66orrehfw4hovqme625bavlpz7m2achabov3iyqy76cai44oao6neqd.onion/zeh7dkwfdxw99tdk/
URL,https://privnote.com/bHoPj0QF#1lNBQyn7S
URL,https://privnote.com/wwfL5hqi#VDwSioAuG
URL,https://privatlab.com/s/v/NQaqqm3JLaSlbZzBgEO5
URL,https://dropfiles.me/download/4ac08f64152ba1e8/#g5zFuzOWc783mtvEdUq3Dg
URL,https://www.youtube.com/watch?v=PEBhuz6BsEM
URL,https://privnote.com/Sx9JhDbY#IeYKHC2qK
URL,https://privnote.com/OZJZlqGN#tl47uuFhV
URL,https://dropfiles.me/download/999e3d9ca26b4f6f/#fiqb3ChfgMo00xaTAKaIpA
URL,https://dropfiles.me/download/65af4f3c2a6904e1/#GNFnqBEuiGMiR1C9B_st1Q
URL,https://privnote.com/fVEYdYMc#4GeQCjj0f
URL,https://privnote.com/VTqiiOWT#CwLCkHE0W
URL,https://privnote.com/Li2biVpY#tMJRMDBZr
URL,https://www.zoominfo.com/c/irisndt-limited/149046628
URL,https://www.youtube.com/watch?v=MNy65TItXnU
URL,https://www.youtube.com/watch?v=0-C0lCPFTj8&ab_channel=RussianMusicStars
URL,https://www.youtube.com/watch?v=EYMT0b6yM7M
URL,https://privnote.com/7FJEYlXD#rjF97tMuy
URL,https://privnote.com/RfnzhFGv#614cWd05t
URL,https://file.io/SW740WPGLe73
URL,https://privnote.com/x6uy4mqx#MhbCNcjtR
URL,https://privnote.com/VjyvlFTu#VRUsZSeT7
URL,https://privnote.com/DLXoJELH#x2RsoWzbF
URL,https://privnote.com/quV53dYa#XB73hLNga
URL,ftp://5.183.95.6/uploads/Team_D/
URL,https://twitter.com/AShukuhi/status/1486023659118645260/photo/1
URL,https://privnote.com/Be7gOIAu#Mlvz8lVeI
URL,https://www.nzuniforms.com/
URL,https://www.financialhorizons.com/
URL,https://6k2zmzhc2wjs3u7rjykzuas2mtsd3w7va3alafnkzfiehmq2g3jrlmqd.onion/
URL,https://6k2zmzhc2wjs3u7rjykzuas2mtsd3w7va3alafnkzfiehmq2g3jrlmqd.onion/note/1aPrgVchSA1Ay1TWQmnxptbJVV3VMJeQ7MoAjg7Dj4Py#86b51935a80c8cf97a3b1d3fd7e697b386ca656fb987a568685ee6a0f8d9d68f
URL,https://privnote.com/oH2nIhXo#nNqnANGYG
URL,https://dropfiles.me/download/eeb3fc729cb79022/#mZBLTgtVKMw90BQui9F2Tg
URL,https://privnote.com/KSF76hNQ#pQqGCVboU
URL,https://privatlab.com/s/v/wEjWJrMWdRtErM7Wz740
URL,https://privnote.com/PVP6qDCd#WdmoHiD5K
URL,http://continewsnv5otx5kaoje7krkto2qbu3gtqef22mnr7eaxw3y6ncz3ad.onion/PygiWNjS_Financial_Horizons_Group
URL,https://privnote.com/hnf9n8GS#cZbRoKnaE
URL,https://dropfiles.me/download/5d8d13c26ebf56bf/#8V_jBnc7qtBMtYytSXEONA
URL,https://privatlab.com/s/v/VDOjMrGYZ8TW5Zl9JlV3
URL,https://privnote.com/2pqyblSX#CEBxN46tK
URL,https://dropfiles.me/download/b53574053b5e4b20/#ABUEYKz4doUGlq0IybNABQ
URL,https://www.securitylab.ru/news/529411.php
URL,https://privatlab.com/s/v/VDOw5Y45QXIW5Zl9JjN5
URL,https://dropfiles.me/download/decaca0d675b79e4/#b2U6fnO7yXNzdCgyFB_gcQ
URL,https://privnote.com/lGK0PzdV#8N7ThKB3U
URL,https://privatlab.com/s/v/M9M6EybWWGh5Wo63Y7GL
URL,https://dropfiles.me/download/17565de6dbfb4e5c/#bA1QpXGJrxqeqYWT5HXBJg
URL,https://qaz.im/zaq/sZK4hBk6#2RNe5iTD
URL,https://privnote.com/qo35DvSo#l7ok2OyMt
URL,https://dyncheck.com/scan/id/f58d2042221cc3698abb2195c7118e1a
URL,https://privnote.com/Ntkgr0KE#BgZKCLOfr
URL,https://privatlab.com/s/v/W7VmaVGm72cb2DaV3w3e
URL,https://www.lovettrealty.com
URL,https://privnote.com/NeTtNXKZ#k17kWV32J
URL,https://privatlab.com/s/v/AEz2bL36B8Hyx0eALjkL
URL,https://dropfiles.me/download/2eee3915a9822086/#pSGo1DFp-ogPmke_xWYA5g
URL,https://privnote.com/e4WAMXrE#DnIpZLQum
URL,https://file.io/6tVQt4siVFl3
URL,https://privnote.com/GUiqX11m#XZ1iBpODP
URL,https://privnote.com/iCCyoLmb#FBnt14rsP
URL,https://pbs.twimg.com/profile_images/378800000584412078/2f060a374fe6fa9d33738cf4df3f29fa_400x400.jpeg
URL,https://privnote.com/vucTt7LM#auSH3HBCm
URL,https://www.sendspace.com/file/5dyime
URL,https://www.sendspace.com/delete/5dyime/3f050ddf9c5153c73d8017c267220216
URL,https://privatlab.com/s/v/bYq9gQ5orbTmbO5qorrk
URL,https://dropfiles.me/download/5d6373e9df0f1205/#Y9vyBvr2SNnNN-IP2_hdng
URL,https://dropfiles.me/download/ab45c8a233b1834b/#g9eIBlsdljljMEsw3I2BIA
URL,https://privatlab.com/s/v/4jDz60pkdBuMXrGVonbb
URL,https://privatlab.com/s/v/Jr9EYn6R7NI6bmqzylnO
URL,https://privatlab.com/s/v/wEoMwJYDk7UErM7WOJ5a
URL,https://prnt.sc/26xz312
URL,https://privnote.com/o7hCAu0o#KLnXW3wgO
URL,https://temp.sh/HXmZA/%D0%A1%D0%BD%D0%B8%D0%BC%D0%BE%D0%BA%20%D1%8D%D0%BA%D1%80%D0%B0%D0%BD%D0%B0%202022-02-19%20%D0%B2%2000.11.28.png
URL,https://privnote.com/KIrjo7tc#96p20yEXB
URL,https://privnote.com/4n8PxDZz#0GqNmZhjF
URL,https://privnote.com/RhQhlmev#crlkvxl7O
URL,https://privnote.com/twFpyJ0b#QhoigRLEo
URL,http://l66orrehfw4hovqme625bavlpz7m2achabov3iyqy76cai44oao6neqd.onion/zeh7dkwfdxw99tdk/#/chat/f3e690a3feba277e5c2fa4f9b36fd5a32b5508de60ac80e2088843755244c56b
URL,https://continews.click/uImgrfqk_WARNING
URL,https://send.exploit.in/download/8bcac089623fcf96/#Kr27VSxYFrdmUHELZDJF1w
URL,https://www.angelantoni.com
URL,https://www.adminbyrequest.com
